Intelligent,V1.00,Glass Alsar
Serial Number,Station ID,Site ID,PASS/FAIL,Error Message,Fail Item,Test Start Time,Total Test Time,Calib-Left-0,Calib-Left-1,Calib-Left-2,Calib-Left-3,Calib-Left-4,Calib-Left-5,Calib-Left-6,Calib-Left-7,Calib-Left-8,Calib-Left-9,Calib-Left-10,Calib-Left-11,Calib-Left-12,Calib-Left-13,Calib-Left-14,Calib-Left-15,Calib-Left-16,ALS2-LED-0,ALS2-LED-1,ALS2-LED-2,ALS2-LED-3,ALS2-LED-4,ALS2-LED-5,ALS2-LED-6,ALS2-LED-7,ALS2-LED-8,ALS2-LED-9,ALS2-LED-10,ALS2-LED-11,ALS2-LED-12,ALS2-LED-13,ALS2-LED-14,ALS2-LED-15,ALS2-LED-16
upper Limited----------->,,,,,,,,160.80003,155.322754,155.322754,155.322754,155.322754,139.252792,139.252792,139.252792,139.252792,113.705696,113.705696,113.705696,113.705696,80.400002,80.400002,80.400002,80.400002,160.80003,155.322754,155.322754,155.322754,155.322754,139.252792,139.252792,139.252792,139.252792,113.705696,113.705696,113.705696,113.705696,80.400002,80.400002,80.400002,80.400002
Lower Limited----------->,,,,,,,,159.199997,153.777252,153.777252,153.777252,153.777252,137.867203,137.867203,137.867203,137.867203,112.574303,112.574303,112.574303,112.574303,79.599998,79.599998,79.599998,79.599998,159.199997,153.777252,153.777252,153.777252,153.777252,137.867203,137.867203,137.867203,137.867203,112.574303,112.574303,112.574303,112.574303,79.599998,79.599998,79.599998,79.599998
Unit         ,,,,,,,,N/A,N/A,N/A,N/A,N/A,N/A,N/A,N/A,N/A,N/A,N/A,N/A,N/A,N/A,N/A,N/A,N/A,N/A,N/A,N/A,N/A,N/A,N/A,N/A,N/A,N/A,N/A,N/A,N/A,N/A,N/A,N/A,N/A,N/A
nil,nil,[site id],PASS,,,2015/06/10_11:41:05.603,nil,160.3,154.3,154.8,154.9,154.6,138.7,138.9,138.7,138.8,113.4,113.4,113,113.3,80.1,80,79.9,80.2,160.6,154.2,155.2,155.3,154.9,139.1,139.2,138.9,138.6,113.6,113.4,113.3,113.6,80.2,80.2,79.8,80.4
